handles,label
KingMaxMcDonald,cyborg
sarachiarugi,human
DrStranaMuoro,unknown
TristanRever,human
JohnnyLevi44,human
Vins_810,human
CALentola,human
LeatherBigWolf,human
fabioae17,human
nferla1,human
charlesvas2,human
choucachamia,human
ramilli_marco,human
SergioCampanini,human
Octavio42625228,human
CicconeMl,human
michiamanomiri,human
marcovinotinto,human
rickdesantis,cyborg
GiovanniApril16,cyborg
LucaMarcozzi,human
_Sharkuh_,human
francescogonnos,human
matavitatau,human
chil8Giacomo,cyborg
hardcorejudas,human
jackgenoa,human
ACeschia,cyborg
GMP1977,cyborg
antonioosellame,human
FabioLumino,human
Paukzen,human
Pallapallina64,human
Girolata20,human
ronas58,human
kalippoisback,bot
MatteoCorreani,human
barrot83,human
SoniaPredieri,cyborg
ErGeometra,human
LucaZurli,human
alemi1715,human
caterinarracci,human
francesmeatsix,unknown
aelle,human
vidaenre,cyborg
IrreverentItaly,human
addiction_by,bot
fasolin_simone,human
AudinaMarotta,human
CiccioB001,human
ravellihaller,human
aldo_angeli,bot
frankmuscia65,human
sheesbian,human
not_found,unknown
not_found,unknown
GattoMartello,human
gfdhyhjhrefhhg,bot
Reser4t,human
anichiniphoto,human
MinieriMarco,human
Side73Dark,human
not_found,unknown
janejane24,human
goblin857765446,human
silviapasquini,human
MoMaMrozowska,unknown
grifo1976,human
joseph_62_,cyborg
AlainGrosso,human
DinoiaLele,human
Zoubinette1,human
ISABELLABETTI1,human
scoresby_sund,human
giorgiolefons,human
TaraBleiz,human
73Orlando73,human
mimmomaiorino,human
SimoPreda,human
zambycom,human
poli_camilla,human
araevale,human
Maria25760009,human
Vano_Sil,human
Sax7374,human
ElectreFR,bot
chydlovskaja,human
roberta_veri,human
EnricoParis4,human
rpapaposts,human
FFelisatti,cyborg
rougerome,human
AnyVitale,human
scarpanna56,human
licca12188364,human
AmatulliPia,human
not_found,unknown
not_found,unknown
RenzulliGabri,human
dominic37300,human
mimma38,bot
p_beejal,human
riccardovincen3,human
ErikaHanhardt,human
pinguidk,human
AttilioAscani,human
holdvmedown,human
patrick_le_fur,human
Vale_Galati,human
monda_luigi,human
CinziaMichelot1,human
Flavio_Mastra,human
Beaa994,human
afy,human
antonellacaniat,human
ViscusiElena,human
Sunflowerhostel,human
maritozzo0,cyborg
Elena20852117,human
sebalestrieri,human
politiq3s,human
africankh,human
valerio_cataldi,human
AlfonsoGia,human
Sacri60,human
fcomegna,human
nastroro,human
SAlocci,human
FedericoBarbani,human
alliebiii,human
scingiapaje,human
MarcoCinelli1,human
chiara_cutie,human
pietro_fusella,human
JimBlake115,human
simpaol,human
CittadinoPadano,human
scrimierivince1,human
Wim_De_Meester,human
Ruzzante1968,human
GeCortese,human
niccolo_avico,human
ienapriski,human
53Cinelli,human
SimonaSpnz,human
gaglione_maria,human
Maghella5,human
leeonciiino,human
